{
  "ListHoliday" : {
    "transaction" : "ListHoliday",
    "sampleCount" : 214340,
    "errorCount" : 214340,
    "errorPct" : 100.0,
    "meanResTime" : 1258.6597368666862,
    "medianResTime" : 1.0,
    "minResTime" : 0.0,
    "maxResTime" : 91618.0,
    "pct1ResTime" : 1.0,
    "pct2ResTime" : 2.0,
    "pct3ResTime" : 60000.0,
    "throughput" : 138.21431795612529,
    "receivedKBytesPerSec" : 1286.9011122376724,
    "sentKBytesPerSec" : 1.464382792449606
  },
  "Total" : {
    "transaction" : "Total",
    "sampleCount" : 1285102,
    "errorCount" : 1285102,
    "errorPct" : 100.0,
    "meanResTime" : 1028.3841056973993,
    "medianResTime" : 1.0,
    "minResTime" : 0.0,
    "maxResTime" : 91618.0,
    "pct1ResTime" : 2.0,
    "pct2ResTime" : 36956.9,
    "pct3ResTime" : 60002.0,
    "throughput" : 828.5309217367982,
    "receivedKBytesPerSec" : 6730.975077427846,
    "sentKBytesPerSec" : 9.786094859019085
  },
  "HolidayRegister" : {
    "transaction" : "HolidayRegister",
    "sampleCount" : 214604,
    "errorCount" : 214604,
    "errorPct" : 100.0,
    "meanResTime" : 1223.7889461519887,
    "medianResTime" : 1.0,
    "minResTime" : 0.0,
    "maxResTime" : 91594.0,
    "pct1ResTime" : 1.0,
    "pct2ResTime" : 2.0,
    "pct3ResTime" : 60000.0,
    "throughput" : 138.3646582243877,
    "receivedKBytesPerSec" : 1381.1503050616682,
    "sentKBytesPerSec" : 3.9353314838849442
  },
  "Logout" : {
    "transaction" : "Logout",
    "sampleCount" : 213593,
    "errorCount" : 213593,
    "errorPct" : 100.0,
    "meanResTime" : 1227.7115823084273,
    "medianResTime" : 1.0,
    "minResTime" : 0.0,
    "maxResTime" : 91489.0,
    "pct1ResTime" : 1.0,
    "pct2ResTime" : 2.0,
    "pct3ResTime" : 60000.0,
    "throughput" : 137.8420430718874,
    "receivedKBytesPerSec" : 1281.9448140636405,
    "sentKBytesPerSec" : 1.5064237037679997
  },
  "Login" : {
    "transaction" : "Login",
    "sampleCount" : 214604,
    "errorCount" : 214604,
    "errorPct" : 100.0,
    "meanResTime" : 2.3298726957558996E-5,
    "medianResTime" : 0.0,
    "minResTime" : 0.0,
    "maxResTime" : 1.0,
    "pct1ResTime" : 0.0,
    "pct2ResTime" : 0.0,
    "pct3ResTime" : 0.0,
    "throughput" : 143.05998674753252,
    "receivedKBytesPerSec" : 176.2816072839491,
    "sentKBytesPerSec" : 0.0
  },
  "ListHolidayAdmin" : {
    "transaction" : "ListHolidayAdmin",
    "sampleCount" : 214107,
    "errorCount" : 214107,
    "errorPct" : 100.0,
    "meanResTime" : 1230.2196378446429,
    "medianResTime" : 1.0,
    "minResTime" : 0.0,
    "maxResTime" : 91574.0,
    "pct1ResTime" : 1.0,
    "pct2ResTime" : 2.0,
    "pct3ResTime" : 60000.0,
    "throughput" : 138.09167542745104,
    "receivedKBytesPerSec" : 1291.0560619572211,
    "sentKBytesPerSec" : 1.4453795159693512
  },
  "SearchHoliday" : {
    "transaction" : "SearchHoliday",
    "sampleCount" : 213854,
    "errorCount" : 213854,
    "errorPct" : 100.0,
    "meanResTime" : 1232.3271905131594,
    "medianResTime" : 1.0,
    "minResTime" : 0.0,
    "maxResTime" : 91593.0,
    "pct1ResTime" : 1.0,
    "pct2ResTime" : 2.0,
    "pct3ResTime" : 60000.0,
    "throughput" : 137.93730661886735,
    "receivedKBytesPerSec" : 1322.0477405337576,
    "sentKBytesPerSec" : 1.4376485833874602
  }
}